id,target,prediction
mb-dielectric-0006, 1.677494, 1.695536
mb-dielectric-0007, 5.083372, 3.515701
mb-dielectric-0012, 1.890488, 2.037462
mb-dielectric-0018, 4.248906, 3.747595
mb-dielectric-0024, 2.207225, 2.228509
mb-dielectric-0026, 2.162603, 2.163336
mb-dielectric-0028, 1.413846, 1.439926
mb-dielectric-0029, 2.317365, 2.338920
mb-dielectric-0044, 4.168144, 3.921490
mb-dielectric-0053, 2.686948, 3.079529
mb-dielectric-0057, 1.507309, 1.505873
mb-dielectric-0067, 1.866825, 1.847742
mb-dielectric-0070, 2.714284, 2.772918
mb-dielectric-0073, 1.350185, 1.426272
mb-dielectric-0074, 1.858610, 1.749787
mb-dielectric-0082, 11.709115, 9.225819
mb-dielectric-0092, 2.641665, 2.735867
mb-dielectric-0094, 1.501097, 1.522360
mb-dielectric-0096, 2.451419, 2.485598
mb-dielectric-0103, 2.677106, 2.712350
mb-dielectric-0115, 2.314658, 2.456076
mb-dielectric-0124, 2.266118, 2.355502
mb-dielectric-0128, 4.449020, 4.586079
mb-dielectric-0136, 1.996027, 2.010868
mb-dielectric-0139, 2.259266, 2.173920
mb-dielectric-0140, 1.738807, 1.857384
mb-dielectric-0142, 1.420801, 1.444372
mb-dielectric-0151, 1.559156, 1.505536
mb-dielectric-0179, 1.856166, 1.864980
mb-dielectric-0184, 1.648890, 1.644191
mb-dielectric-0187, 2.475569, 2.449556
mb-dielectric-0189, 1.610550, 1.585970
mb-dielectric-0195, 2.521140, 2.316291
mb-dielectric-0206, 1.894787, 1.898103
mb-dielectric-0208, 1.940464, 1.929567
mb-dielectric-0212, 2.062162, 2.129489
mb-dielectric-0214, 2.266571, 2.219282
mb-dielectric-0221, 2.122921, 2.207083
mb-dielectric-0230, 3.637199, 3.369516
mb-dielectric-0242, 2.086042, 2.131025
mb-dielectric-0243, 2.020769, 2.146842
mb-dielectric-0254, 1.551199, 1.572932
mb-dielectric-0256, 6.252679, 5.400291
mb-dielectric-0257, 3.560273, 3.485269
mb-dielectric-0259, 1.738897, 1.744394
mb-dielectric-0266, 3.288211, 2.906890
mb-dielectric-0271, 3.745353, 3.671232
mb-dielectric-0273, 1.614448, 1.638333
mb-dielectric-0282, 3.724066, 3.549649
mb-dielectric-0291, 2.161173, 2.467780
mb-dielectric-0292, 2.460596, 2.421395
mb-dielectric-0294, 1.710025, 1.775254
mb-dielectric-0297, 1.759491, 1.769653
mb-dielectric-0298, 2.331678, 2.245608
mb-dielectric-0310, 1.666488, 1.718761
mb-dielectric-0312, 2.594908, 2.620944
mb-dielectric-0314, 1.990010, 2.019389
mb-dielectric-0317, 2.796354, 2.806578
mb-dielectric-0321, 2.170756, 2.219092
mb-dielectric-0332, 3.669378, 3.840276
mb-dielectric-0339, 1.550778, 1.536920
mb-dielectric-0343, 3.584954, 3.287934
mb-dielectric-0346, 1.666027, 1.631099
mb-dielectric-0358, 2.058564, 2.073094
mb-dielectric-0360, 2.662319, 2.729906
mb-dielectric-0361, 2.424233, 2.524833
mb-dielectric-0365, 5.932678, 4.664299
mb-dielectric-0366, 1.897450, 1.856069
mb-dielectric-0367, 1.634634, 1.624796
mb-dielectric-0371, 1.716290, 1.755773
mb-dielectric-0374, 1.587746, 1.625854
mb-dielectric-0395, 1.796831, 1.788962
mb-dielectric-0396, 2.876571, 2.863515
mb-dielectric-0406, 2.814123, 2.746710
mb-dielectric-0413, 3.445335, 3.674584
mb-dielectric-0415, 1.619331, 1.670992
mb-dielectric-0417, 1.752056, 1.770199
mb-dielectric-0419, 2.023342, 1.990845
mb-dielectric-0420, 1.623812, 1.608317
mb-dielectric-0425, 2.629346, 2.545384
mb-dielectric-0435, 1.478830, 1.469788
mb-dielectric-0436, 1.830837, 1.807432
mb-dielectric-0444, 1.527089, 1.475023
mb-dielectric-0446, 1.000000, 5.273373
mb-dielectric-0448, 3.073939, 3.095391
mb-dielectric-0450, 1.531013, 1.472259
mb-dielectric-0451, 2.507595, 2.570973
mb-dielectric-0452, 1.342634, 1.369001
mb-dielectric-0454, 1.444991, 1.499108
mb-dielectric-0463, 1.326399, 1.343408
mb-dielectric-0470, 1.387924, 1.357947
mb-dielectric-0473, 1.541927, 1.528204
mb-dielectric-0477, 2.478949, 2.285824
mb-dielectric-0479, 1.701470, 1.724589
mb-dielectric-0483, 2.437443, 2.194201
mb-dielectric-0484, 1.682888, 1.763169
mb-dielectric-0489, 2.585792, 2.267905
mb-dielectric-0490, 2.594164, 2.972231
mb-dielectric-0499, 1.506330, 1.515127
mb-dielectric-0501, 3.478841, 3.027895
mb-dielectric-0505, 2.739585, 2.765383
mb-dielectric-0506, 2.571079, 2.798961
mb-dielectric-0508, 2.517155, 1.892693
mb-dielectric-0509, 3.279701, 2.923975
mb-dielectric-0511, 2.638720, 3.096898
mb-dielectric-0512, 1.869802, 1.881813
mb-dielectric-0515, 1.485373, 1.495818
mb-dielectric-0516, 2.124490, 2.160113
mb-dielectric-0522, 2.168689, 1.985996
mb-dielectric-0524, 2.644064, 2.586230
mb-dielectric-0525, 2.718230, 2.789452
mb-dielectric-0532, 2.922268, 2.967412
mb-dielectric-0541, 1.643799, 1.728452
mb-dielectric-0550, 2.228963, 2.453077
mb-dielectric-0555, 1.861088, 1.792604
mb-dielectric-0558, 1.326399, 1.317750
mb-dielectric-0560, 1.841078, 1.847188
mb-dielectric-0562, 2.415461, 2.481071
mb-dielectric-0565, 1.499933, 1.500240
mb-dielectric-0571, 1.524875, 1.529406
mb-dielectric-0575, 2.577057, 2.659508
mb-dielectric-0581, 2.762474, 2.670069
mb-dielectric-0591, 2.494546, 2.451928
mb-dielectric-0593, 2.084863, 2.089339
mb-dielectric-0597, 2.511241, 2.281289
mb-dielectric-0602, 2.131032, 2.134908
mb-dielectric-0607, 1.606555, 1.608554
mb-dielectric-0608, 2.287380, 2.368600
mb-dielectric-0613, 1.704895, 1.731133
mb-dielectric-0616, 2.572138, 2.682276
mb-dielectric-0620, 4.749407, 5.048400
mb-dielectric-0633, 1.783482, 1.817420
mb-dielectric-0641, 1.737312, 1.753340
mb-dielectric-0642, 2.266044, 2.109783
mb-dielectric-0651, 2.286691, 2.380709
mb-dielectric-0654, 2.031308, 2.149044
mb-dielectric-0656, 2.358350, 2.398139
mb-dielectric-0660, 1.418137, 1.436229
mb-dielectric-0662, 2.268649, 2.393933
mb-dielectric-0664, 1.504659, 1.590638
mb-dielectric-0667, 2.255755, 2.171504
mb-dielectric-0673, 1.581458, 1.549371
mb-dielectric-0680, 2.560061, 2.485232
mb-dielectric-0681, 1.848817, 1.846389
mb-dielectric-0685, 1.561836, 1.574009
mb-dielectric-0689, 1.914809, 1.962397
mb-dielectric-0706, 1.597229, 1.585783
mb-dielectric-0715, 1.000000, 2.542067
mb-dielectric-0721, 2.301644, 2.352768
mb-dielectric-0739, 2.168356, 2.193578
mb-dielectric-0747, 1.920797, 1.977821
mb-dielectric-0748, 2.418347, 2.252749
mb-dielectric-0750, 1.418685, 1.428529
mb-dielectric-0756, 2.215852, 2.158926
mb-dielectric-0761, 1.519825, 1.547145
mb-dielectric-0771, 3.904351, 3.507830
mb-dielectric-0774, 2.012838, 1.952957
mb-dielectric-0777, 1.546876, 1.551685
mb-dielectric-0784, 3.970222, 3.945846
mb-dielectric-0792, 2.592334, 2.518893
mb-dielectric-0796, 1.533775, 1.575326
mb-dielectric-0806, 2.553738, 2.486420
mb-dielectric-0807, 2.374280, 2.415646
mb-dielectric-0811, 1.831111, 1.840365
mb-dielectric-0814, 2.415750, 2.481535
mb-dielectric-0820, 3.464085, 2.727749
mb-dielectric-0821, 1.648692, 1.644463
mb-dielectric-0829, 1.915645, 1.949208
mb-dielectric-0848, 1.794409, 1.833450
mb-dielectric-0856, 1.431863, 1.444490
mb-dielectric-0858, 3.606464, 3.914329
mb-dielectric-0867, 2.566029, 2.631413
mb-dielectric-0868, 2.256220, 2.255641
mb-dielectric-0869, 2.326734, 2.356074
mb-dielectric-0878, 1.409515, 1.435761
mb-dielectric-0892, 1.663467, 1.627251
mb-dielectric-0901, 1.961179, 2.003471
mb-dielectric-0906, 1.366138, 1.388457
mb-dielectric-0909, 1.908000, 1.825939
mb-dielectric-0913, 2.366880, 2.426919
mb-dielectric-0921, 3.350477, 3.377539
mb-dielectric-0929, 1.965480, 1.950088
mb-dielectric-0941, 1.826553, 1.817652
mb-dielectric-0967, 1.821151, 1.861193
mb-dielectric-0974, 1.756190, 1.828711
mb-dielectric-0976, 4.844982, 4.484921
mb-dielectric-0978, 2.291842, 2.779581
mb-dielectric-0982, 1.409373, 1.452045
mb-dielectric-0983, 1.578371, 1.586926
mb-dielectric-0986, 1.811169, 1.785307
mb-dielectric-0993, 1.844404, 1.827933
mb-dielectric-1006, 2.590723, 2.681416
mb-dielectric-1007, 2.113990, 2.214303
mb-dielectric-1017, 2.317398, 2.394281
mb-dielectric-1019, 1.530480, 1.495509
mb-dielectric-1026, 2.479927, 2.548545
mb-dielectric-1035, 2.131849, 2.164085
mb-dielectric-1037, 2.819181, 2.766353
mb-dielectric-1039, 1.000000, 1.400664
mb-dielectric-1040, 1.655798, 1.718399
mb-dielectric-1054, 2.013362, 2.060864
mb-dielectric-1062, 2.100952, 2.103429
mb-dielectric-1063, 2.574749, 2.765950
mb-dielectric-1069, 1.819986, 1.779461
mb-dielectric-1071, 1.864304, 1.859910
mb-dielectric-1077, 1.869773, 1.698760
mb-dielectric-1087, 1.730238, 1.795024
mb-dielectric-1088, 2.278211, 2.278996
mb-dielectric-1094, 1.491642, 1.515133
mb-dielectric-1114, 1.756179, 1.816442
mb-dielectric-1118, 1.666420, 1.703000
mb-dielectric-1134, 3.141974, 3.040744
mb-dielectric-1135, 53.793499, 1.592780
mb-dielectric-1142, 4.441396, 4.505457
mb-dielectric-1151, 2.530437, 2.738950
mb-dielectric-1152, 1.656273, 1.610786
mb-dielectric-1156, 2.175391, 2.146199
mb-dielectric-1158, 2.505207, 2.498722
mb-dielectric-1159, 2.039986, 2.057559
mb-dielectric-1166, 1.411911, 1.439360
mb-dielectric-1169, 2.707346, 3.459837
mb-dielectric-1174, 1.739378, 1.733504
mb-dielectric-1176, 1.784293, 1.844743
mb-dielectric-1189, 2.119591, 2.061158
mb-dielectric-1199, 1.769241, 1.828536
mb-dielectric-1203, 2.167976, 2.193290
mb-dielectric-1204, 3.803105, 3.500082
mb-dielectric-1205, 2.165167, 2.720775
mb-dielectric-1206, 2.138927, 2.077789
mb-dielectric-1208, 2.370090, 2.461200
mb-dielectric-1211, 6.274543, 4.623148
mb-dielectric-1221, 2.196911, 1.987606
mb-dielectric-1224, 1.679516, 1.658519
mb-dielectric-1226, 2.104029, 2.141767
mb-dielectric-1228, 1.627478, 1.724131
mb-dielectric-1234, 1.559380, 1.510488
mb-dielectric-1236, 2.273993, 2.327084
mb-dielectric-1239, 1.423493, 1.399489
mb-dielectric-1243, 1.681988, 1.701490
mb-dielectric-1247, 2.432618, 2.357642
mb-dielectric-1251, 2.109298, 2.147616
mb-dielectric-1253, 1.763199, 1.745948
mb-dielectric-1255, 1.881388, 1.907802
mb-dielectric-1273, 1.889791, 1.852551
mb-dielectric-1281, 1.593331, 1.567762
mb-dielectric-1286, 2.231890, 2.151043
mb-dielectric-1290, 1.977518, 2.148921
mb-dielectric-1297, 2.979499, 2.336561
mb-dielectric-1310, 1.873245, 1.841068
mb-dielectric-1311, 1.820842, 1.774034
mb-dielectric-1324, 1.181408, 1.413692
mb-dielectric-1327, 2.653585, 2.782281
mb-dielectric-1330, 1.571729, 1.529067
mb-dielectric-1333, 1.530381, 1.533290
mb-dielectric-1341, 1.545182, 1.548994
mb-dielectric-1343, 2.492757, 2.483760
mb-dielectric-1347, 2.526993, 2.780426
mb-dielectric-1349, 1.620937, 1.625678
mb-dielectric-1353, 1.615343, 1.655891
mb-dielectric-1356, 2.109091, 2.185472
mb-dielectric-1359, 3.106382, 3.191409
mb-dielectric-1361, 2.300652, 2.326391
mb-dielectric-1364, 1.644248, 1.688312
mb-dielectric-1366, 1.645398, 1.627159
mb-dielectric-1367, 1.931099, 1.954585
mb-dielectric-1368, 1.786345, 1.789482
mb-dielectric-1371, 2.084471, 2.166506
mb-dielectric-1392, 1.797799, 2.050932
mb-dielectric-1396, 4.443109, 3.583776
mb-dielectric-1405, 3.966106, 4.037894
mb-dielectric-1411, 3.129364, 2.821434
mb-dielectric-1412, 4.521283, 4.725460
mb-dielectric-1413, 1.693729, 1.703404
mb-dielectric-1416, 2.688245, 2.665772
mb-dielectric-1420, 1.589339, 1.591073
mb-dielectric-1425, 4.307759, 4.450599
mb-dielectric-1427, 1.000000, 5.798173
mb-dielectric-1429, 4.121486, 4.006717
mb-dielectric-1432, 2.852370, 2.876468
mb-dielectric-1441, 1.479752, 1.505031
mb-dielectric-1442, 2.933594, 2.889900
mb-dielectric-1444, 3.407100, 3.411047
mb-dielectric-1446, 11.357103, 2.297812
mb-dielectric-1448, 1.451455, 1.482677
mb-dielectric-1449, 1.375863, 1.399723
mb-dielectric-1453, 1.455013, 1.466455
mb-dielectric-1456, 1.512593, 1.545145
mb-dielectric-1462, 2.010043, 1.973050
mb-dielectric-1465, 1.728799, 1.722702
mb-dielectric-1466, 1.736517, 1.817422
mb-dielectric-1474, 4.255467, 4.718803
mb-dielectric-1479, 2.705751, 2.803414
mb-dielectric-1481, 1.518552, 1.464594
mb-dielectric-1486, 2.556104, 1.985048
mb-dielectric-1487, 2.855404, 2.870622
mb-dielectric-1490, 1.641544, 1.629114
mb-dielectric-1492, 1.983004, 2.034921
mb-dielectric-1493, 1.472300, 1.496318
mb-dielectric-1496, 2.321874, 2.339490
mb-dielectric-1501, 1.615600, 1.719313
mb-dielectric-1513, 1.570562, 1.613824
mb-dielectric-1514, 1.651690, 1.683044
mb-dielectric-1515, 2.023873, 2.004194
mb-dielectric-1518, 1.609726, 1.641585
mb-dielectric-1542, 2.869165, 2.910231
mb-dielectric-1548, 1.755872, 1.842274
mb-dielectric-1552, 1.876661, 2.018557
mb-dielectric-1555, 2.157275, 2.178431
mb-dielectric-1558, 2.984012, 3.010392
mb-dielectric-1561, 1.918886, 1.706177
mb-dielectric-1563, 1.581394, 1.606125
mb-dielectric-1564, 1.863084, 1.838740
mb-dielectric-1566, 4.411199, 4.621787
mb-dielectric-1573, 1.649507, 1.640490
mb-dielectric-1577, 2.333228, 2.344740
mb-dielectric-1589, 2.095332, 2.193843
mb-dielectric-1590, 1.610794, 1.679085
mb-dielectric-1593, 1.989894, 1.966636
mb-dielectric-1594, 3.416480, 3.292988
mb-dielectric-1595, 1.623686, 1.638724
mb-dielectric-1601, 3.064484, 2.817850
mb-dielectric-1603, 2.968364, 2.822771
mb-dielectric-1604, 1.599280, 1.615667
mb-dielectric-1605, 2.959575, 3.322270
mb-dielectric-1609, 1.793234, 1.879089
mb-dielectric-1615, 1.448761, 1.433069
mb-dielectric-1618, 2.145332, 2.212836
mb-dielectric-1622, 1.634882, 1.624423
mb-dielectric-1631, 2.034640, 2.173170
mb-dielectric-1640, 2.599038, 2.965100
mb-dielectric-1653, 1.590311, 1.808624
mb-dielectric-1668, 1.762245, 1.766929
mb-dielectric-1670, 1.638461, 1.686013
mb-dielectric-1685, 2.937405, 2.825365
mb-dielectric-1689, 3.664287, 4.618362
mb-dielectric-1692, 2.286369, 2.372216
mb-dielectric-1698, 1.652205, 1.689462
mb-dielectric-1702, 1.730619, 1.745816
mb-dielectric-1706, 2.260237, 2.370305
mb-dielectric-1709, 1.642120, 1.686177
mb-dielectric-1713, 2.528103, 2.595042
mb-dielectric-1715, 1.714961, 1.676605
mb-dielectric-1720, 1.740600, 1.780940
mb-dielectric-1725, 1.450634, 1.447695
mb-dielectric-1731, 1.773291, 1.750961
mb-dielectric-1736, 1.736272, 1.708678
mb-dielectric-1743, 2.608874, 2.444111
mb-dielectric-1749, 2.271348, 2.324752
mb-dielectric-1751, 2.968742, 3.012877
mb-dielectric-1757, 2.279260, 2.301980
mb-dielectric-1759, 1.527477, 1.528427
mb-dielectric-1761, 2.858600, 2.907634
mb-dielectric-1765, 3.909135, 3.548146
mb-dielectric-1766, 3.110306, 2.918506
mb-dielectric-1767, 3.242582, 2.637389
mb-dielectric-1769, 1.974360, 2.016588
mb-dielectric-1776, 2.512070, 2.927512
mb-dielectric-1779, 1.681120, 1.693087
mb-dielectric-1780, 2.088428, 2.295094
mb-dielectric-1784, 3.945262, 3.078029
mb-dielectric-1788, 9.805194, 7.663189
mb-dielectric-1793, 1.603880, 1.610278
mb-dielectric-1795, 1.474056, 1.472233
mb-dielectric-1798, 5.313628, 5.825570
mb-dielectric-1799, 2.269638, 2.311715
mb-dielectric-1800, 1.559375, 1.528705
mb-dielectric-1801, 1.458997, 1.467428
mb-dielectric-1806, 1.905946, 1.811983
mb-dielectric-1813, 1.807920, 1.863914
mb-dielectric-1815, 2.273580, 2.417046
mb-dielectric-1817, 2.142334, 2.159483
mb-dielectric-1835, 1.859925, 1.869989
mb-dielectric-1839, 3.054131, 2.903046
mb-dielectric-1840, 1.560606, 1.605372
mb-dielectric-1841, 1.596516, 1.603616
mb-dielectric-1843, 2.546959, 2.416485
mb-dielectric-1845, 2.073978, 1.861417
mb-dielectric-1850, 2.129040, 2.140919
mb-dielectric-1855, 1.648975, 2.064757
mb-dielectric-1866, 2.006911, 2.063638
mb-dielectric-1868, 2.350203, 2.436633
mb-dielectric-1869, 2.736160, 2.860560
mb-dielectric-1874, 1.405754, 1.436810
mb-dielectric-1881, 1.790323, 1.845613
mb-dielectric-1890, 4.322704, 3.763845
mb-dielectric-1898, 1.702124, 1.719905
mb-dielectric-1907, 1.506885, 1.509594
mb-dielectric-1913, 1.607730, 1.632219
mb-dielectric-1920, 2.728125, 2.723965
mb-dielectric-1921, 1.944307, 2.084751
mb-dielectric-1926, 2.261624, 2.024377
mb-dielectric-1928, 1.973073, 1.970248
mb-dielectric-1929, 1.610689, 1.652026
mb-dielectric-1931, 2.494014, 2.586125
mb-dielectric-1940, 1.595413, 1.552547
mb-dielectric-1944, 2.337362, 2.388144
mb-dielectric-1945, 2.418397, 2.408880
mb-dielectric-1946, 2.606900, 2.885031
mb-dielectric-1949, 4.048457, 4.108373
mb-dielectric-1956, 1.533714, 1.531343
mb-dielectric-1957, 1.820349, 1.735972
mb-dielectric-1963, 12.604127, 3.603148
mb-dielectric-1975, 2.095744, 1.938393
mb-dielectric-1978, 1.900835, 1.879387
mb-dielectric-1979, 2.183123, 2.240668
mb-dielectric-1980, 1.329035, 1.358172
mb-dielectric-1983, 1.911706, 1.883402
mb-dielectric-1987, 1.437591, 1.465166
mb-dielectric-2000, 2.764012, 2.900512
mb-dielectric-2009, 2.449898, 2.447988
mb-dielectric-2011, 2.248986, 2.103417
mb-dielectric-2012, 1.729687, 1.757741
mb-dielectric-2016, 2.201988, 1.942812
mb-dielectric-2021, 3.301709, 3.427020
mb-dielectric-2027, 1.676902, 1.677982
mb-dielectric-2029, 2.607616, 2.508708
mb-dielectric-2038, 1.876323, 1.816446
mb-dielectric-2048, 1.601410, 1.622301
mb-dielectric-2050, 1.705706, 1.606033
mb-dielectric-2053, 1.719546, 1.749815
mb-dielectric-2059, 2.157176, 2.158614
mb-dielectric-2060, 2.197950, 2.300938
mb-dielectric-2066, 2.812106, 2.733657
mb-dielectric-2080, 1.535036, 1.507864
mb-dielectric-2081, 2.112908, 2.237468
mb-dielectric-2082, 4.869993, 3.664368
mb-dielectric-2087, 2.014792, 2.067880
mb-dielectric-2092, 1.541428, 1.587241
mb-dielectric-2096, 1.975288, 1.998663
mb-dielectric-2098, 1.458685, 1.481372
mb-dielectric-2102, 2.655220, 2.612838
mb-dielectric-2103, 1.358431, 1.356228
mb-dielectric-2105, 6.120909, 6.345111
mb-dielectric-2107, 2.389184, 2.235543
mb-dielectric-2108, 2.637837, 2.554361
mb-dielectric-2110, 1.860457, 2.023856
mb-dielectric-2116, 3.156870, 3.266013
mb-dielectric-2124, 2.111487, 2.211537
mb-dielectric-2125, 1.914057, 1.909947
mb-dielectric-2133, 1.674381, 1.701114
mb-dielectric-2134, 1.510643, 1.559634
mb-dielectric-2136, 1.558758, 1.546993
mb-dielectric-2141, 2.819709, 2.472214
mb-dielectric-2146, 2.296427, 2.484511
mb-dielectric-2157, 2.429964, 2.203688
mb-dielectric-2160, 3.017311, 3.028584
mb-dielectric-2172, 2.616250, 2.603000
mb-dielectric-2179, 2.099526, 2.099144
mb-dielectric-2184, 1.493625, 1.526107
mb-dielectric-2186, 1.937782, 2.039752
mb-dielectric-2192, 1.691026, 1.708580
mb-dielectric-2195, 2.667102, 2.661938
mb-dielectric-2205, 2.213538, 2.210152
mb-dielectric-2206, 2.020502, 2.154957
mb-dielectric-2209, 1.548699, 1.604683
mb-dielectric-2218, 1.427646, 1.455469
mb-dielectric-2220, 2.403132, 2.397919
mb-dielectric-2224, 1.681668, 1.619363
mb-dielectric-2231, 2.016831, 1.918879
mb-dielectric-2233, 1.596562, 1.600717
mb-dielectric-2234, 2.004495, 2.153508
mb-dielectric-2238, 3.469678, 2.992869
mb-dielectric-2239, 1.829662, 1.832149
mb-dielectric-2242, 3.097692, 2.975547
mb-dielectric-2247, 3.051721, 3.717836
mb-dielectric-2251, 1.510298, 1.479198
mb-dielectric-2252, 1.818047, 1.853157
mb-dielectric-2258, 3.618263, 3.668960
mb-dielectric-2266, 1.907438, 2.037043
mb-dielectric-2271, 13.348395, 4.621453
mb-dielectric-2275, 2.492974, 2.490864
mb-dielectric-2277, 2.096699, 2.163374
mb-dielectric-2287, 1.574672, 1.587747
mb-dielectric-2294, 1.503716, 1.550946
mb-dielectric-2297, 1.789232, 1.738770
mb-dielectric-2300, 1.764021, 1.795778
mb-dielectric-2320, 5.001766, 4.967762
mb-dielectric-2324, 1.621780, 1.560896
mb-dielectric-2326, 1.584790, 1.673788
mb-dielectric-2327, 1.749952, 1.770183
mb-dielectric-2334, 1.714053, 1.714126
mb-dielectric-2336, 2.083935, 2.148896
mb-dielectric-2337, 1.698781, 1.653601
mb-dielectric-2340, 1.414331, 1.441733
mb-dielectric-2342, 3.721406, 3.279421
mb-dielectric-2346, 1.724856, 1.729390
mb-dielectric-2348, 1.745217, 1.736680
mb-dielectric-2349, 2.950632, 2.975976
mb-dielectric-2350, 2.434216, 2.391792
mb-dielectric-2365, 1.843596, 1.703005
mb-dielectric-2385, 1.610279, 1.547891
mb-dielectric-2393, 1.726084, 1.709823
mb-dielectric-2396, 3.002096, 3.037358
mb-dielectric-2400, 1.895589, 1.744822
mb-dielectric-2408, 1.905531, 1.965648
mb-dielectric-2410, 2.554288, 2.323300
mb-dielectric-2417, 1.558623, 1.577540
mb-dielectric-2424, 1.572809, 1.593931
mb-dielectric-2436, 1.980755, 1.959296
mb-dielectric-2438, 1.603639, 1.722096
mb-dielectric-2441, 2.183728, 2.140258
mb-dielectric-2443, 1.468891, 1.476048
mb-dielectric-2447, 2.427138, 2.433035
mb-dielectric-2451, 1.461594, 1.412498
mb-dielectric-2468, 1.725428, 1.693113
mb-dielectric-2477, 1.645668, 1.666358
mb-dielectric-2481, 1.762092, 1.692864
mb-dielectric-2483, 4.561286, 4.046567
mb-dielectric-2500, 1.488122, 1.577926
mb-dielectric-2514, 1.353145, 1.418347
mb-dielectric-2522, 2.884476, 2.978781
mb-dielectric-2529, 2.684756, 2.404915
mb-dielectric-2536, 2.281012, 2.088692
mb-dielectric-2541, 2.729163, 2.506295
mb-dielectric-2544, 3.384515, 2.449786
mb-dielectric-2557, 1.527113, 1.529821
mb-dielectric-2560, 1.863024, 1.821987
mb-dielectric-2561, 4.290720, 5.025620
mb-dielectric-2570, 2.429733, 2.433773
mb-dielectric-2574, 1.591704, 1.606052
mb-dielectric-2577, 2.824277, 2.775433
mb-dielectric-2580, 2.409166, 33.785587
mb-dielectric-2583, 3.185856, 3.157771
mb-dielectric-2588, 2.208393, 1.922517
mb-dielectric-2590, 1.920621, 1.942542
mb-dielectric-2600, 1.787733, 1.837667
mb-dielectric-2603, 1.650438, 1.834786
mb-dielectric-2605, 2.989166, 2.903833
mb-dielectric-2607, 2.306483, 2.315334
mb-dielectric-2611, 1.522498, 1.486854
mb-dielectric-2616, 4.310364, 3.550509
mb-dielectric-2617, 1.672203, 1.696489
mb-dielectric-2619, 2.423150, 2.708490
mb-dielectric-2621, 2.475659, 3.828495
mb-dielectric-2627, 1.523674, 1.579412
mb-dielectric-2629, 1.646857, 1.606074
mb-dielectric-2631, 2.445058, 2.417169
mb-dielectric-2632, 1.864348, 1.820858
mb-dielectric-2634, 2.081241, 2.038880
mb-dielectric-2639, 1.673081, 1.651607
mb-dielectric-2646, 2.265760, 1.747552
mb-dielectric-2649, 1.406177, 1.461135
mb-dielectric-2650, 24.141935, 2.160577
mb-dielectric-2652, 1.712125, 1.746422
mb-dielectric-2653, 1.781097, 1.811922
mb-dielectric-2654, 1.980512, 1.885015
mb-dielectric-2659, 1.519134, 1.539052
mb-dielectric-2660, 2.496053, 2.431804
mb-dielectric-2662, 2.226853, 2.239867
mb-dielectric-2665, 4.919906, 4.834578
mb-dielectric-2674, 1.768717, 1.778276
mb-dielectric-2676, 1.838840, 1.774463
mb-dielectric-2682, 11.215873, 1.809540
mb-dielectric-2684, 1.651878, 1.604734
mb-dielectric-2701, 3.222323, 3.153929
mb-dielectric-2703, 3.148795, 3.322560
mb-dielectric-2707, 2.026402, 2.064906
mb-dielectric-2711, 2.535842, 2.223480
mb-dielectric-2716, 2.131116, 1.924056
mb-dielectric-2721, 2.715373, 2.624005
mb-dielectric-2723, 2.424944, 2.432559
mb-dielectric-2728, 2.090215, 2.191260
mb-dielectric-2729, 2.754390, 3.037058
mb-dielectric-2730, 1.919895, 1.999517
mb-dielectric-2738, 2.085850, 2.155389
mb-dielectric-2746, 2.088414, 2.191715
mb-dielectric-2757, 2.060812, 2.095487
mb-dielectric-2761, 1.633783, 1.632254
mb-dielectric-2763, 1.773964, 1.801912
mb-dielectric-2766, 1.524374, 1.510396
mb-dielectric-2771, 2.972231, 2.381906
mb-dielectric-2774, 2.364817, 2.043467
mb-dielectric-2775, 9.470181, 4.945164
mb-dielectric-2778, 1.859635, 1.853307
mb-dielectric-2783, 2.553714, 2.495574
mb-dielectric-2784, 1.423460, 1.440369
mb-dielectric-2788, 1.944932, 1.926109
mb-dielectric-2790, 1.389978, 1.468878
mb-dielectric-2791, 1.919821, 2.007653
mb-dielectric-2802, 1.806386, 1.899342
mb-dielectric-2807, 2.287864, 2.305405
mb-dielectric-2808, 2.542451, 2.538008
mb-dielectric-2813, 1.640125, 1.710258
mb-dielectric-2816, 1.649736, 1.608221
mb-dielectric-2821, 2.315668, 2.276069
mb-dielectric-2824, 1.844220, 1.850469
mb-dielectric-2832, 3.108139, 3.179107
mb-dielectric-2854, 2.135681, 2.123272
mb-dielectric-2856, 2.373114, 2.374905
mb-dielectric-2864, 2.415865, 2.393163
mb-dielectric-2866, 1.676587, 1.749813
mb-dielectric-2872, 1.920120, 1.910129
mb-dielectric-2884, 2.393995, 2.293874
mb-dielectric-2897, 2.948162, 2.991211
mb-dielectric-2904, 2.118794, 2.131270
mb-dielectric-2905, 2.016695, 2.196026
mb-dielectric-2912, 2.400248, 2.427075
mb-dielectric-2916, 1.848151, 1.823258
mb-dielectric-2917, 2.504463, 2.368685
mb-dielectric-2924, 1.422812, 1.429298
mb-dielectric-2929, 1.418076, 1.436482
mb-dielectric-2937, 25.192293, 4.603665
mb-dielectric-2939, 1.653600, 1.680309
mb-dielectric-2947, 1.614827, 1.615453
mb-dielectric-2950, 2.311258, 2.299922
mb-dielectric-2951, 1.496888, 1.509257
mb-dielectric-2953, 4.345561, 4.371918
mb-dielectric-2965, 1.521403, 1.560412
mb-dielectric-2980, 2.025710, 2.081735
mb-dielectric-2981, 2.055088, 2.120655
mb-dielectric-2982, 1.828665, 1.907840
mb-dielectric-2987, 2.294342, 2.342968
mb-dielectric-2988, 1.478284, 1.518070
mb-dielectric-2993, 2.521041, 2.637720
mb-dielectric-2998, 2.122263, 2.442298
mb-dielectric-2999, 1.884785, 1.828471
mb-dielectric-3015, 2.585436, 2.501130
mb-dielectric-3018, 2.051191, 2.102447
mb-dielectric-3019, 1.543032, 1.523717
mb-dielectric-3023, 1.798267, 2.174217
mb-dielectric-3037, 1.657709, 1.624629
mb-dielectric-3040, 1.673222, 1.651583
mb-dielectric-3042, 1.746674, 1.721597
mb-dielectric-3050, 1.627711, 1.617680
mb-dielectric-3052, 2.096414, 2.166757
mb-dielectric-3053, 1.830014, 1.779893
mb-dielectric-3055, 2.188283, 2.306669
mb-dielectric-3057, 1.822361, 1.834593
mb-dielectric-3059, 1.888469, 1.849973
mb-dielectric-3062, 1.000000, 4.070520
mb-dielectric-3091, 1.771678, 1.809081
mb-dielectric-3093, 1.667362, 1.653738
mb-dielectric-3094, 2.134763, 2.297502
mb-dielectric-3098, 8.476519, 2.682577
mb-dielectric-3103, 2.433112, 2.466450
mb-dielectric-3106, 6.189693, 6.918511
mb-dielectric-3111, 1.951167, 2.092860
mb-dielectric-3121, 2.841754, 2.612411
mb-dielectric-3125, 2.264938, 2.320719
mb-dielectric-3129, 2.322322, 2.399821
mb-dielectric-3130, 1.649848, 1.792508
mb-dielectric-3131, 1.700042, 1.821492
mb-dielectric-3150, 2.041549, 2.142257
mb-dielectric-3158, 2.730469, 2.752917
mb-dielectric-3161, 1.659988, 1.692310
mb-dielectric-3170, 2.072265, 2.021975
mb-dielectric-3174, 2.021211, 2.043982
mb-dielectric-3189, 3.137276, 3.087691
mb-dielectric-3195, 1.592273, 1.541951
mb-dielectric-3196, 2.881865, 3.079543
mb-dielectric-3198, 1.442896, 1.361881
mb-dielectric-3201, 2.202044, 2.180547
mb-dielectric-3208, 1.933233, 1.973627
mb-dielectric-3218, 1.952923, 1.905779
mb-dielectric-3220, 1.544169, 1.530846
mb-dielectric-3224, 2.601218, 2.434566
mb-dielectric-3226, 1.725192, 1.715341
mb-dielectric-3228, 2.812057, 2.815367
mb-dielectric-3229, 2.766745, 2.750109
mb-dielectric-3241, 2.784900, 2.690182
mb-dielectric-3248, 1.483548, 1.503003
mb-dielectric-3250, 2.093571, 2.081435
mb-dielectric-3251, 2.258808, 2.285388
mb-dielectric-3252, 1.743094, 1.758965
mb-dielectric-3253, 2.591124, 2.532696
mb-dielectric-3258, 1.503662, 1.523603
mb-dielectric-3262, 1.567326, 1.593940
mb-dielectric-3263, 2.438222, 2.654523
mb-dielectric-3267, 1.559355, 1.551582
mb-dielectric-3270, 2.148938, 2.227188
mb-dielectric-3273, 1.512178, 1.496942
mb-dielectric-3277, 4.180550, 4.590033
mb-dielectric-3290, 25.859959, 4.717249
mb-dielectric-3291, 5.227238, 5.346218
mb-dielectric-3298, 1.527721, 1.527768
mb-dielectric-3301, 3.039792, 2.446280
mb-dielectric-3304, 4.319237, 4.308434
mb-dielectric-3312, 3.246388, 3.236465
mb-dielectric-3322, 2.692241, 2.689162
mb-dielectric-3323, 2.115330, 2.148502
mb-dielectric-3330, 3.148015, 2.352555
mb-dielectric-3335, 3.472175, 3.606508
mb-dielectric-3336, 1.584861, 1.640396
mb-dielectric-3337, 1.434224, 1.462709
mb-dielectric-3339, 1.820623, 1.843496
mb-dielectric-3344, 1.534050, 1.537428
mb-dielectric-3345, 3.468573, 3.760793
mb-dielectric-3348, 2.365162, 2.341269
mb-dielectric-3349, 3.598148, 4.391012
mb-dielectric-3350, 5.747141, 5.893325
mb-dielectric-3351, 1.703895, 1.730885
mb-dielectric-3356, 3.076440, 3.136033
mb-dielectric-3358, 6.284874, 4.543824
mb-dielectric-3359, 2.161218, 2.025015
mb-dielectric-3365, 3.243791, 3.134699
mb-dielectric-3371, 1.845295, 1.860748
mb-dielectric-3372, 1.401904, 1.436763
mb-dielectric-3373, 4.267630, 4.152350
mb-dielectric-3374, 2.282396, 2.195187
mb-dielectric-3381, 2.352729, 2.527961
mb-dielectric-3388, 2.059729, 2.078030
mb-dielectric-3392, 2.029008, 1.987005
mb-dielectric-3394, 1.615739, 1.601979
mb-dielectric-3395, 2.172653, 2.163403
mb-dielectric-3405, 1.495528, 1.500691
mb-dielectric-3409, 1.753806, 1.874794
mb-dielectric-3414, 2.107118, 2.128903
mb-dielectric-3427, 2.506546, 2.552251
mb-dielectric-3434, 2.105548, 2.013726
mb-dielectric-3435, 2.108318, 1.864784
mb-dielectric-3436, 2.410878, 2.294400
mb-dielectric-3445, 2.454394, 2.453021
mb-dielectric-3446, 1.465891, 1.473557
mb-dielectric-3448, 2.210672, 2.185491
mb-dielectric-3457, 2.052844, 2.051726
mb-dielectric-3463, 2.689961, 2.852949
mb-dielectric-3466, 2.361969, 2.354018
mb-dielectric-3468, 3.031537, 3.065496
mb-dielectric-3472, 2.895325, 2.507712
mb-dielectric-3489, 2.972148, 2.991174
mb-dielectric-3494, 1.000000, 3.354202
mb-dielectric-3496, 4.707229, 4.814287
mb-dielectric-3504, 4.094427, 4.684446
mb-dielectric-3510, 2.679490, 2.666970
mb-dielectric-3511, 3.301565, 3.026477
mb-dielectric-3512, 2.164707, 2.200044
mb-dielectric-3515, 1.715207, 1.693143
mb-dielectric-3517, 2.473143, 2.569910
mb-dielectric-3525, 1.850917, 1.827879
mb-dielectric-3538, 1.525111, 1.602513
mb-dielectric-3539, 2.961709, 2.755173
mb-dielectric-3540, 1.502698, 1.664914
mb-dielectric-3544, 1.563508, 1.552561
mb-dielectric-3548, 2.169180, 2.185597
mb-dielectric-3551, 2.303624, 2.315223
mb-dielectric-3559, 1.477739, 1.571967
mb-dielectric-3564, 1.514468, 1.518655
mb-dielectric-3569, 1.907339, 1.866791
mb-dielectric-3571, 3.248785, 3.454159
mb-dielectric-3578, 2.530805, 2.144320
mb-dielectric-3584, 3.538644, 3.880406
mb-dielectric-3585, 2.291572, 2.378482
mb-dielectric-3588, 1.554398, 1.546795
mb-dielectric-3593, 3.074790, 3.091406
mb-dielectric-3598, 2.687032, 2.693054
mb-dielectric-3604, 1.000000, 4.664167
mb-dielectric-3605, 5.253353, 5.214725
mb-dielectric-3618, 4.183858, 4.004828
mb-dielectric-3623, 2.497139, 2.468688
mb-dielectric-3635, 1.428986, 1.417760
mb-dielectric-3639, 7.004025, 8.062983
mb-dielectric-3640, 2.563282, 3.359693
mb-dielectric-3645, 1.971209, 1.672805
mb-dielectric-3653, 2.022684, 2.068976
mb-dielectric-3658, 1.756417, 1.783627
mb-dielectric-3660, 2.417436, 2.510814
mb-dielectric-3665, 2.209581, 2.174805
mb-dielectric-3669, 2.479024, 2.521037
mb-dielectric-3675, 2.261559, 2.330403
mb-dielectric-3678, 2.326077, 2.343496
mb-dielectric-3682, 3.415748, 3.465699
mb-dielectric-3686, 2.661513, 2.651354
mb-dielectric-3691, 1.897175, 1.896085
mb-dielectric-3693, 2.585433, 2.579858
mb-dielectric-3708, 2.505261, 2.188115
mb-dielectric-3712, 3.138744, 3.364509
mb-dielectric-3714, 2.121054, 2.123465
mb-dielectric-3722, 4.574705, 5.200566
mb-dielectric-3726, 1.875189, 1.850885
mb-dielectric-3729, 2.857621, 2.981325
mb-dielectric-3734, 5.543284, 4.804927
mb-dielectric-3749, 2.425644, 2.582254
mb-dielectric-3752, 1.743414, 1.756574
mb-dielectric-3754, 1.793693, 1.767946
mb-dielectric-3758, 2.034886, 2.134103
mb-dielectric-3759, 1.579830, 1.767399
mb-dielectric-3766, 2.138093, 2.189530
mb-dielectric-3772, 3.429949, 3.467349
mb-dielectric-3779, 2.299454, 2.250625
mb-dielectric-3780, 1.551129, 1.528932
mb-dielectric-3782, 2.281687, 2.345218
mb-dielectric-3787, 1.605823, 1.589839
mb-dielectric-3789, 2.352901, 2.342546
mb-dielectric-3792, 1.431313, 1.499098
mb-dielectric-3794, 2.314805, 2.332243
mb-dielectric-3804, 1.929542, 2.040627
mb-dielectric-3808, 1.339154, 1.363629
mb-dielectric-3817, 2.105637, 2.090621
mb-dielectric-3819, 2.477449, 2.439204
mb-dielectric-3825, 1.719563, 1.744259
mb-dielectric-3826, 1.547541, 1.537193
mb-dielectric-3835, 2.276306, 2.256426
mb-dielectric-3842, 1.931752, 1.976991
mb-dielectric-3849, 2.321217, 2.350850
mb-dielectric-3873, 1.619125, 1.643565
mb-dielectric-3878, 2.864543, 2.933694
mb-dielectric-3884, 3.530130, 3.695197
mb-dielectric-3886, 1.585936, 1.585558
mb-dielectric-3888, 2.378175, 2.356431
mb-dielectric-3891, 1.612195, 1.629488
mb-dielectric-3892, 1.363451, 1.330593
mb-dielectric-3895, 2.833314, 2.825046
mb-dielectric-3903, 1.677665, 1.673614
mb-dielectric-3905, 2.119720, 2.098753
mb-dielectric-3907, 2.105944, 2.221097
mb-dielectric-3912, 1.982255, 1.991363
mb-dielectric-3914, 1.927803, 1.946194
mb-dielectric-3921, 1.525156, 1.515153
mb-dielectric-3925, 1.559899, 1.605687
mb-dielectric-3931, 1.845513, 1.893931
mb-dielectric-3932, 3.139505, 3.251176
mb-dielectric-3945, 4.561660, 1.437223
mb-dielectric-3946, 4.963399, 5.870572
mb-dielectric-3959, 1.828489, 1.904280
mb-dielectric-3966, 1.519300, 1.603698
mb-dielectric-3969, 2.226613, 2.256050
mb-dielectric-3970, 2.864910, 2.967679
mb-dielectric-3973, 1.687503, 1.643149
mb-dielectric-3975, 4.139243, 4.286715
mb-dielectric-3976, 1.894189, 1.964103
mb-dielectric-3979, 1.886445, 1.923559
mb-dielectric-3994, 1.966669, 2.009623
mb-dielectric-3997, 2.445249, 2.178495
mb-dielectric-4012, 2.231673, 2.263866
mb-dielectric-4013, 4.174805, 4.344132
mb-dielectric-4016, 1.497381, 1.461304
mb-dielectric-4020, 2.930803, 2.374258
mb-dielectric-4022, 2.906587, 2.919616
mb-dielectric-4025, 5.008193, 4.241881
mb-dielectric-4027, 4.335512, 4.495055
mb-dielectric-4034, 1.453846, 1.417063
mb-dielectric-4036, 1.510447, 1.473787
mb-dielectric-4039, 2.083092, 2.151789
mb-dielectric-4044, 1.623963, 1.620373
mb-dielectric-4053, 1.757403, 1.602739
mb-dielectric-4057, 2.299867, 2.290623
mb-dielectric-4058, 2.362232, 2.411958
mb-dielectric-4069, 2.008625, 2.044752
mb-dielectric-4074, 2.163314, 2.247586
mb-dielectric-4077, 2.153988, 2.412501
mb-dielectric-4082, 1.961122, 1.944840
mb-dielectric-4084, 4.800868, 4.920888
mb-dielectric-4085, 5.167269, 5.050345
mb-dielectric-4086, 1.480155, 1.474238
mb-dielectric-4096, 2.126783, 2.150771
mb-dielectric-4098, 1.883437, 1.801091
mb-dielectric-4099, 1.857810, 2.154957
mb-dielectric-4100, 1.833822, 1.776312
mb-dielectric-4103, 1.499608, 1.468592
mb-dielectric-4111, 2.444471, 2.386335
mb-dielectric-4120, 1.483071, 1.479624
mb-dielectric-4123, 1.721626, 1.688590
mb-dielectric-4124, 2.412699, 2.371533
mb-dielectric-4138, 6.949287, 4.316687
mb-dielectric-4140, 2.082898, 2.110198
mb-dielectric-4145, 4.216765, 3.882887
mb-dielectric-4153, 2.310309, 2.494714
mb-dielectric-4172, 3.089984, 3.023560
mb-dielectric-4192, 1.858984, 1.876237
mb-dielectric-4196, 2.753824, 2.717745
mb-dielectric-4202, 62.062996, 3.196546
mb-dielectric-4223, 1.388856, 1.420198
mb-dielectric-4224, 3.179404, 2.762175
mb-dielectric-4226, 2.375244, 2.554695
mb-dielectric-4232, 1.674216, 1.791673
mb-dielectric-4243, 1.371505, 1.349665
mb-dielectric-4245, 3.172673, 2.488699
mb-dielectric-4253, 2.285528, 2.341473
mb-dielectric-4264, 2.456833, 2.420342
mb-dielectric-4265, 1.619472, 1.625140
mb-dielectric-4268, 2.381390, 2.456273
mb-dielectric-4274, 2.225589, 2.207493
mb-dielectric-4277, 2.033263, 1.914268
mb-dielectric-4287, 3.210822, 3.308317
mb-dielectric-4288, 1.646533, 1.674589
mb-dielectric-4293, 1.910224, 1.967609
mb-dielectric-4298, 1.000000, 1.079819
mb-dielectric-4299, 2.065324, 2.050170
mb-dielectric-4312, 1.806751, 1.832279
mb-dielectric-4323, 2.233910, 1.892723
mb-dielectric-4332, 2.296763, 2.173236
mb-dielectric-4344, 2.215553, 2.238216
mb-dielectric-4347, 4.432316, 4.402243
mb-dielectric-4362, 4.592050, 4.273036
mb-dielectric-4365, 2.732360, 2.701590
mb-dielectric-4370, 3.725440, 3.372128
mb-dielectric-4382, 3.448526, 3.495974
mb-dielectric-4385, 4.036087, 4.160464
mb-dielectric-4393, 1.736088, 1.782960
mb-dielectric-4394, 2.432543, 2.497822
mb-dielectric-4397, 1.435652, 1.513705
mb-dielectric-4398, 1.393557, 1.375900
mb-dielectric-4399, 2.409066, 2.379955
mb-dielectric-4410, 1.950583, 1.846286
mb-dielectric-4419, 1.942215, 1.939214
mb-dielectric-4423, 1.395708, 1.431730
mb-dielectric-4425, 10.881820, 4.315776
mb-dielectric-4428, 1.866931, 1.873824
mb-dielectric-4429, 1.871219, 1.924518
mb-dielectric-4431, 2.927990, 2.977615
mb-dielectric-4451, 3.722320, 3.661592
mb-dielectric-4462, 2.495166, 2.564896
mb-dielectric-4463, 2.314665, 2.408835
mb-dielectric-4465, 1.912154, 1.990883
mb-dielectric-4486, 2.463310, 2.495176
mb-dielectric-4487, 1.836842, 1.884421
mb-dielectric-4500, 1.742865, 1.630318
mb-dielectric-4505, 2.228751, 2.244359
mb-dielectric-4514, 1.689610, 1.774308
mb-dielectric-4516, 1.804479, 1.770191
mb-dielectric-4517, 5.530527, 5.655347
mb-dielectric-4528, 1.677793, 1.734405
mb-dielectric-4535, 1.485385, 1.483248
mb-dielectric-4538, 1.724117, 1.810933
mb-dielectric-4539, 3.292483, 3.200283
mb-dielectric-4544, 1.492060, 1.478657
mb-dielectric-4545, 2.148763, 2.252128
mb-dielectric-4550, 2.312418, 1.915683
mb-dielectric-4554, 1.758408, 1.793401
mb-dielectric-4558, 2.440633, 2.385481
mb-dielectric-4561, 2.999304, 3.055623
mb-dielectric-4569, 2.064945, 2.121403
mb-dielectric-4575, 2.233383, 2.279281
mb-dielectric-4576, 3.927849, 3.276140
mb-dielectric-4579, 1.122943, 1.398234
mb-dielectric-4582, 2.079102, 2.242565
mb-dielectric-4594, 1.626350, 1.641669
mb-dielectric-4599, 1.536229, 1.573756
mb-dielectric-4601, 3.711693, 4.299749
mb-dielectric-4605, 1.566206, 1.637257
mb-dielectric-4622, 1.827504, 1.964493
mb-dielectric-4637, 8.319696, 10.585648
mb-dielectric-4642, 1.796056, 1.746904
mb-dielectric-4650, 2.137216, 2.132295
mb-dielectric-4656, 1.569366, 1.573652
mb-dielectric-4663, 1.943005, 1.952298
mb-dielectric-4683, 1.545499, 1.535746
mb-dielectric-4684, 2.255898, 2.261616
mb-dielectric-4690, 1.799192, 1.891678
mb-dielectric-4691, 2.448850, 2.544430
mb-dielectric-4692, 2.176833, 2.219218
mb-dielectric-4698, 3.415884, 2.780713
mb-dielectric-4700, 1.612167, 1.627489
mb-dielectric-4701, 1.535095, 1.579739
mb-dielectric-4714, 1.769695, 1.785560
mb-dielectric-4717, 4.783778, 5.285585
mb-dielectric-4719, 1.585981, 1.610947
mb-dielectric-4727, 2.575549, 2.483837
mb-dielectric-4728, 2.263811, 2.258217
mb-dielectric-4734, 2.247000, 2.154216
mb-dielectric-4736, 1.585443, 1.577810
mb-dielectric-4737, 1.596744, 1.584068
mb-dielectric-4761, 2.690619, 2.787976
